"Concentration,Absorbance"
"0.00000,0.012"
"0.00050,0.091"
"0.00100,0.162"
"0.00150,0.238"
"0.00200,0.313"
"0.00250,0.381"
"0.00300,0.460"
"0.00350,0.529"
"0.00400,0.600"
